S.N.,Region,ALAND,AWATER,CBSAFP,CLASSFP,COUNTYFP,COUNTYNS,CSAFP,County Area (sq mi),Developed Area 1985 (sq mi),Developed Area 1990 (sq mi),Developed Area 1995 (sq mi),Developed Area 2000 (sq mi),Developed Area 2005 (sq mi),Developed Area 2010 (sq mi),Developed Area 2015 (sq mi),Developed Area 2020 (sq mi),Developed Area 2024 (sq mi),FUNCSTAT,GEOID,INTPTLAT,INTPTLON,LSAD,METDIVFP,MTFCC,NAME,NAMELSAD,STATEFP,UEII 1985-1990 (%),UEII 1990-1995 (%),UEII 1995-2000 (%),UEII 2000-2005 (%),UEII 2005-2010 (%),UEII 2010-2015 (%),UEII 2015-2020 (%),UEII 2020-2024 (%)
1,Wakulla,1570616088,334902007,45220,H1,129,00306912,533,736.5335386828384,29.946869283493022,31.47723470261344,33.6212327372704,35.60167653466145,38.12162269577453,39.58103843639495,40.132419573716994,41.63557978047644,43.176011564238735,A,12129,+30.1394320,-084.3748463,06,,G4020,Wakulla,Wakulla County,12,0.04155589226411086,0.05821861251535462,0.05377742338611576,0.06842719384156129,0.039629308482824144,0.014972329387962297,0.04081715571153992,0.05228654578707601
2,Jefferson,1549012956,99610823,45220,H1,065,00295733,533,637.2035646445369,23.789277983923462,24.793333468738126,25.565301128826555,26.31566977990268,26.89423023802916,27.185849564819183,27.306358407972763,27.69225161756906,28.15106226396277,A,12065,+30.4245577,-083.8908594,06,,G4020,Jefferson,Jefferson County,12,0.03151443402156029,0.024229860061095846,0.023551928856352784,0.018159360374866314,0.00915309778446399,0.0037824284056165187,0.012112085713505605,0.018000944747133457
3,Gadsden,1337194435,31686103,45220,H1,039,00306918,533,529.0682093474782,36.80545539852147,38.42227136223116,39.803224784813104,41.55960850272028,43.99731490396636,45.49395725204404,45.87033735868042,46.535360625817695,47.21486136120396,A,12039,+30.5786866,-084.6126072,06,,G4020,Gadsden,Gadsden County,12,0.06111937686461173,0.05220322817298486,0.06639536025320433,0.09215093094527857,0.05657653669735892,0.014228037141017709,0.025139415122200328,0.03210837106543973
4,Leon,1727086019,90548394,45220,H1,073,00306916,533,702.519976144719,89.00824472796637,94.15544937578933,99.9475963445789,106.54905204884835,113.42595303334842,118.00208942188083,120.2738105049728,123.99697818012345,127.54104850780034,A,12073,+30.4593104,-084.2778004,06,,G4020,Leon,Leon County,12,0.14653546724947897,0.16489629236098438,0.1879364552876303,0.1957780908164077,0.13027775846731854,0.06467349428435332,0.10599464219032191,0.12611991288582283
5,DeSoto,1649027555,6243548,11580,H1,027,00294452,412,640.1746767158307,24.934789943849868,27.33097855281977,28.609265140134436,29.898873151226645,31.63973147420152,32.62766469556984,33.4176637807214,34.95909443348092,36.16923035582941,A,12027,+27.1905809,-081.8062531,06,,G4020,DeSoto,DeSoto County,12,0.07486046218705876,0.039935556147657196,0.040289254105084125,0.054386978626073584,0.030864489249607094,0.024680735239461283,0.048156564413551574,0.047258036218982745
6,Manatee,1924706077,387507719,35840,H1,081,00295744,412,894.2012963221908,92.55986448844631,101.89938636515596,108.08848223818643,122.75222797210172,142.46344680345672,154.46911219666592,163.42866730480102,178.89231087474894,194.4199147656433,A,12081,+27.4816825,-082.3687669,06,,G4020,Manatee,Manatee County,12,0.20889081496800957,0.1384273518386953,0.32797415513098915,0.4408675968694374,0.2685226568690507,0.20039235337692635,0.34586493295299797,0.43411936313329824
7,Sarasota,1442282866,436195743,35840,H1,115,00295741,412,726.4997830959062,164.42419084037755,178.54406943922268,185.77331498960461,195.65905468217593,206.77630990923413,212.6401901167876,217.43422439434627,226.8237387786032,236.9938399858509,A,12115,+27.1843855,-082.3658351,06,,G4020,Sarasota,Sarasota County,12,0.3887097815411501,0.19901576624222034,0.27214707898312723,0.3060497879210128,0.1614282713909463,0.13197620671349322,0.25848636442104495,0.3499691756241427
8,Charlotte,1764058624,458736687,39460,H1,015,00295742,412,859.7200297615647,135.11610441282042,139.93576588050433,144.13226800255677,146.87588723251906,151.3636489249969,154.99177823506645,156.04510262655867,160.1793723483856,165.0124442796462,A,12015,+26.8689745,-081.9412782,06,,G4020,Charlotte,Charlotte County,12,0.11212165125478356,0.09762485406362573,0.06382587668041673,0.10440053824784064,0.08440257722216306,0.024503893244975455,0.09617711763615744,0.14054203007812274
9,Volusia,2852206495,857789601,19660,H1,127,00306921,422,1434.3123265478753,200.6273091555834,211.7229885397589,221.96286885460816,238.29082845327196,255.68373911503002,267.3886904315345,271.48036172927794,280.8848387077907,289.8422025726141,A,12127,+29.0577690,-081.1617920,06,,G4020,Volusia,Volusia County,12,0.1547177581730856,0.14278452642870013,0.22767648714226946,0.2425261268390489,0.16321342429896168,0.057054118855568325,0.13113569205875283,0.15612645340610887
10,Flagler,1256519758,221918898,19660,H1,035,00308547,422,571.538838914644,52.98251628021572,56.04061980682402,57.98418312598739,63.16767547166451,68.60095592774995,71.94261833078188,72.44218773803095,74.26560878397288,77.16755897034658,A,12035,+29.4748818,-081.2862729,06,,G4020,Flagler,Flagler County,12,0.1070129733410824,0.06801159210296936,0.18138723014941918,0.19012812729938974,0.11693561926177307,0.017481555871084978,0.06380742381058883,0.1269358260885874
11,Orange,2337566033,260717886,36740,H1,095,00295750,422,1004.6423301018153,258.2809524944401,292.0361440571322,311.38803850404634,343.6219103398467,377.97857911363445,395.4271647982447,409.9846979163596,429.6626256568524,443.2522220115325,A,12095,+28.5143906,-081.3232839,06,,G4020,Orange,Orange County,12,0.6719842585026495,0.3852494338946061,0.6416984606359086,0.6839582156627999,0.3473591578177263,0.2898052905383668,0.3917399685617179,0.33817001204057556
12,Lake,2462296203,534178837,36740,H1,069,00308551,422,1158.5266294636472,108.30400764300506,122.5177295071898,135.392990081223,155.18914003161217,177.41095817216768,193.36676616419288,202.13061653540106,214.8122695885875,228.7674601725328,A,12069,+28.7641128,-081.7122822,06,,G4020,Lake,Lake County,12,0.24537583345434424,0.22226956630239803,0.34174699910961953,0.3836220519306207,0.2754499997883021,0.15129303286305124,0.21892726037825386,0.3011409109863536
13,Seminole,801344504,93079561,36740,H1,117,00303665,422,345.8168845973637,113.18570119202974,123.61860987448719,130.0942993869109,140.51454846093165,147.90739049269808,151.2404364582546,153.3576707997253,156.54644356136072,158.43842544903305,A,12117,+28.6900918,-081.1319894,06,,G4020,Seminole,Seminole County,12,0.6033776340680727,0.37451551967818986,0.6026454773110973,0.4275581882228774,0.19276363381951137,0.12244829190083056,0.18441972637328705,0.1367762804493463
14,Osceola,3438755923,461862673,36740,H1,097,00295748,422,1508.3134035069509,70.75808234428857,83.17888205342756,93.66632107939533,105.03629152546488,125.22141305525213,135.71766066129913,142.73102922677887,154.24695173980442,165.06234003453486,A,12097,+28.0590267,-081.1393116,06,,G4020,Osceola,Osceola County,12,0.16469786292768632,0.13906180242890676,0.1507640311308438,0.2676515568031844,0.13917860282408656,0.09299617107655594,0.15269933272819947,0.17926294809791826
15,Sumter,1442915229,58825881,45540,H1,119,00295740,422,580.6309463093426,32.12398943253816,34.2548304683299,37.9923366149523,43.23035930413957,53.95491729308423,62.74582297816811,70.8462580841718,79.41499513611306,87.0578078818971,A,12119,+28.7141008,-082.0743472,06,,G4020,Sumter,Sumter County,12,0.07339743254595638,0.12873947454502954,0.18042519856999178,0.36941048551108197,0.3028052755700124,0.2790218178170621,0.2951526130808779,0.3290736049449293
16,Escambia,1701544502,563927612,37860,H1,033,00295737,426,875.578063983033,138.31508117316145,142.42515864218115,147.35245948670243,153.79483065399367,162.19032457566732,165.57833422762778,167.75736217557625,171.62560978104136,175.596353882586,A,12033,+30.6116382,-087.3388996,06,,G4020,Escambia,Escambia County,12,0.09388260483189413,0.11254966398100091,0.1471569796526123,0.19177031191216176,0.07738909393294514,0.04977347052382745,0.08835871442160922,0.11337493094223892
17,Santa Rosa,2622050626,418020795,37860,H1,113,00306914,426,1174.9471903141723,99.60655957533955,105.03496696794056,112.07938359785786,119.60013128166862,129.17305600163428,133.73003536375066,136.08718495630512,141.67016221605104,147.60584516075693,A,12113,+30.7018378,-087.0127623,06,,G4020,Santa Rosa,Santa Rosa County,12,0.09240257668345929,0.11991035321398007,0.12801848024845738,0.16295072321345652,0.07756909246104715,0.04012349851952375,0.09503367139850889,0.12629680281882988
18,Marion,4113955311,192320562,36100,H1,083,00306922,,1664.8157298313283,210.49149480868797,230.39454145705574,245.26765313075902,264.71661911129974,285.04816556962834,302.35385439095495,310.34899943819926,322.0006672940482,337.97953784938727,A,12083,+29.2028047,-082.0431004,06,,G4020,Marion,Marion County,12,0.23910209750822395,0.17867577062369724,0.2336470713489859,0.24424981208447022,0.20789915077364085,0.09604840828905839,0.13997546571751124,0.23994953719229323
19,Brevard,2629306677,1403367455,37340,H1,009,00295749,,1559.318680415477,232.73988313711232,246.15243575356672,255.0298015222344,263.6741746244103,278.0601243973034,285.78889847352934,289.80947564514156,299.13155615173457,308.1847024232113,A,12009,+28.2986776,-080.7005344,06,,G4020,Brevard,Brevard County,12,0.17203093613783502,0.11386211016599034,0.11087371953849232,0.18451583955962128,0.09913014155857629,0.05156838332163048,0.11956607233242615,0.1451458637862364
20,Bay,1964585684,711267987,37460,H1,005,00295738,,1034.269878934008,101.7639612600056,107.35521155342433,110.60352535611806,117.19502371282584,124.2400958079378,129.15625510686382,130.6955585638462,137.28778597227773,142.12028011301328,A,12005,+30.2382184,-085.6316802,06,,G4020,Bay,Bay County,12,0.10811975495566911,0.06281365954583677,0.12746186447006375,0.1362327616535273,0.09506530933672673,0.029765992190914085,0.12747596237117448,0.11680931251996482
21,Gulf,1433354005,494697662,37460,H1,045,00306917,,745.2820517698948,35.282815202245885,36.799037017925386,37.83298771155467,38.68539907511399,39.89373076478537,40.93908600771584,41.38353774193526,41.71250359497076,42.458859054782465,A,12045,+29.9072571,-085.2565366,06,,G4020,Gulf,Gulf County,12,0.04068853696607289,0.027746560947599953,0.02287486627472148,0.0324261583061562,0.028052607477879316,0.01192707467364703,0.008827955865951096,0.02503600677217635
22,Highlands,2634768891,231625544,42700,H1,055,00295756,,1108.5543027606932,94.80796974654251,100.57061805614661,103.95190407968646,107.11695472467291,111.09065455180415,115.63348077148505,116.8463721005353,119.10976700412792,123.28747458155587,A,12055,+27.3410799,-081.3423534,06,,G4020,Highlands,Highlands County,12,0.10396691069175532,0.06100352531435299,0.057102311309501996,0.07169156832886436,0.0819594711484617,0.021882398111300848,0.040835074979294325,0.0942152217312219
23,Hernando,1224485109,301068594,45300,H1,053,00295751,,589.8622835102298,109.65228728394104,116.9581745671223,121.92286418200764,126.23148764560666,132.521868562413,136.7092009853081,137.1563168244246,139.24419559162766,142.30677154395067,A,12053,+28.5730426,-082.4662272,06,,G4020,Hernando,Hernando County,12,0.24771501712923336,0.16833385533113998,0.1460891324652493,0.21328303546965977,0.14197661182798654,0.015160007737933842,0.07079207555967908,0.12980046520765143
24,Pinellas,709006650,866038559,45300,H1,103,00295745,,609.0740976307718,228.16786486878402,232.68979932776034,235.2502208053203,237.12326778887743,238.7974103842041,239.240688822098,239.70141816910302,240.3819695565996,240.98644201197337,A,12103,+27.9031078,-082.7395188,06,,G4020,Pinellas,Pinellas County,12,0.14848552833115455,0.08407586162405249,0.06150473286725062,0.05497336372828553,0.014555813147142422,0.015128843889346074,0.02234708026967028,0.02481112141055911
25,Pasco,1933862570,315412854,45300,H1,101,00295739,,869.715482191313,151.26948678469773,163.19635326963336,171.95193469530932,188.46094440989577,207.36297169913206,219.80397772408395,226.90504644243453,241.72351603012052,257.2288545450999,A,12101,+28.3077107,-082.4648324,06,,G4020,Pasco,Pasco County,12,0.27427053396554474,0.20134357970989814,0.3796416196476295,0.4346715144500181,0.2860937002893371,0.16329636217257865,0.34076591462646516,0.4457014630782628
26,Hillsborough,2646574869,631652995,45300,H1,057,00295757,,1267.6933895753373,316.29628452566425,341.0625749449482,355.1991413333432,379.5870593588503,407.86283716254843,427.30840862375476,441.5937301807802,460.72804970176816,477.3665539923427,A,12057,+27.9066072,-082.3497186,06,,G4020,Hillsborough,Hillsborough County,12,0.3907299765534059,0.22302816287668106,0.3847605142703592,0.446098055511202,0.30678666657274867,0.22537502639831322,0.3018761425804663,0.32812556307776125
27,Hardee,1651329788,1439673,48100,H1,049,00295746,,639.1732600072746,19.187275930402876,20.346120679236304,21.366132176450023,22.383023059743348,23.61125172926258,24.709134126854746,25.73181517981957,26.649853462938708,27.645199845759834,A,12049,+27.4928458,-081.8215798,06,,G4020,Hardee,Hardee County,12,0.036260739343827945,0.03191658853820356,0.031818943216797,0.03843179138956013,0.03435320174625798,0.032000120059878116,0.02872580380188901,0.03893100842523501
28,Lee,2025413418,1114617195,15980,H1,071,00295758,162,1214.5569761980835,304.785112431908,327.1779293135927,339.213480376622,357.52397690061645,383.5055488484337,396.7944583806791,403.0975302483329,412.9512761532959,424.6442764723847,A,12071,+26.5590348,-081.8919943,06,,G4020,Lee,Lee County,12,0.3687404925503084,0.19818833202381436,0.30151729203040994,0.4278361980044301,0.21882727270388808,0.1037921150045053,0.16226074359735884,0.24068447483812783
29,Collier,5170431469,799432008,34940,H1,021,00295754,162,2309.331103537289,124.46571483166831,137.80582287291062,149.35092244473506,169.5392381749719,184.4713812348836,194.3753608476839,201.1803364508163,209.1519637884371,217.4492864666877,A,12021,+26.1187860,-081.4009553,06,,G4020,Collier,Collier County,12,0.11553222507425438,0.09998652470527396,0.1748412403861329,0.12932007053505307,0.08577357831131276,0.0589346031213017,0.06903840965386338,0.08982387438446249
30,Glades,2089129695,466706483,,H1,043,00295743,,988.5136074792929,17.4456027047536,19.886947551050973,20.91269198396909,22.2326462620452,23.22325312730514,24.292025239060038,24.63246650249886,25.181153555226757,26.240640137176634,A,12043,+26.9548102,-081.1908197,06,,G4020,Glades,Glades County,12,0.04939425877045427,0.020753268850466564,0.026705839314483303,0.02004235162297832,0.02162382194171845,0.00688794288440697,0.011101254420301741,0.026794941767457413
31,Calhoun,1469390185,18074799,,H1,013,00306919,,574.9144292403961,27.370877441455168,28.98309152166741,30.060763515306185,30.986302173542278,32.00671975937968,32.7585873953084,32.864825902665345,32.39489006323843,33.38340788869927,A,12013,+30.3888013,-085.1979155,06,,G4020,Calhoun,Calhoun County,12,0.056085358036408184,0.03748982244410335,0.032197440563770774,0.03549806837117042,0.026155810245435247,0.0036958024343660646,-0.01634802730722268,0.04298543292637981
32,Franklin,1411908386,1275539661,,H1,037,00306911,,1038.8444531896532,36.52578434372006,37.55202616706653,38.877495346686665,40.09633219474768,41.51786450000268,41.74164931135908,41.73157204500918,41.73886937581428,42.11311819853298,A,12037,+29.8101756,-084.7991742,06,,G4020,Franklin,Franklin County,12,0.019757372149324354,0.025518145195855532,0.023465242449314087,0.027367567895084707,0.004308341073955721,-0.00019400914774029583,0.0001404893828464164,0.009006372936044706
33,Bradford,761362115,16905201,,H1,007,00303634,,300.833040315894,27.61868144100404,28.938881007510574,30.081826977912048,31.404900507195048,32.44997366843053,32.55219489638253,32.59192480854363,33.07788888418522,34.09481656074311,A,12007,+29.9523863,-082.1666793,06,,G4020,Bradford,Bradford County,12,0.08776958575562316,0.07598540168335947,0.08796065271910881,0.06947861578888333,0.0067958777296976206,0.002641326372886498,0.032307892452989644,0.0845093075124039
34,Dixie,1826212953,410630401,,H1,029,00295725,,864.699559271056,42.114024403012046,44.614149896233414,46.68962660785155,49.122198304620774,50.99969863590358,51.66798287645197,51.20016605652121,50.75342087547734,52.18944155068935,A,12029,+29.5808994,-083.1956656,06,,G4020,Dixie,Dixie County,12,0.05782645466661232,0.048004574290931044,0.05626397447964209,0.04342549527527321,0.015457027435327033,-0.01082033210066931,-0.010332957297225422,0.041517908151317395
35,Lafayette,1407329178,11745117,,H1,067,00295732,,548.5220064740802,29.378989773797993,31.64020297307334,33.720912504540514,34.93711659011499,35.502751710671646,35.344697385101234,34.156686479176955,33.38517669082532,33.916799845076746,A,12067,+29.9900661,-083.1785097,06,,G4020,Lafayette,Lafayette County,12,0.08244749244649302,0.07586603661873305,0.044344769078355856,0.020623971832692004,-0.005762916481196097,-0.043316800124788356,-0.028130495376509322,0.02422980062681171
36,Hamilton,1330689567,13659798,,H1,047,00295736,,519.5898512524261,26.52770800086879,28.32754047608499,29.874096294326865,30.88333281587747,31.75843199653747,31.68175347047357,31.327840421350487,31.51290372853752,32.05531957372759,A,12047,+30.4911868,-082.9510714,06,,G4020,Hamilton,Hamilton County,12,0.06927896959025891,0.05952987012791091,0.03884743010734055,0.03368422914922802,-0.0029515020695294264,-0.01362278528997463,0.007123438101839506,0.026098269812363597
37,Levy,2896211042,762907881,,H1,075,00295724,,1414.5825712794847,75.99015815175157,79.77722346302754,83.80158761546274,88.43862367041532,91.96026237112999,93.92469564758188,94.56628433061921,95.68096898569539,98.91335403026011,A,12075,+29.2844566,-082.7834620,06,,G4020,Levy,Levy County,12,0.05354322028512737,0.05689825725472038,0.06556048616884069,0.04979050035275568,0.02777403477656418,0.009071067268374615,0.015759909357117935,0.05712612876392648
38,Holmes,1240232909,26393537,,H1,059,00295735,,489.51360830010884,32.16464462716738,33.30994127836038,34.28938888274955,35.18715680252119,35.93557949871596,36.774373266246265,37.202633238630725,37.728530270745274,38.41676736239512,A,12059,+30.8620072,-085.8159385,06,,G4020,Holmes,Holmes County,12,0.04679325076049149,0.04001717573451795,0.036679998453535895,0.030578218194740485,0.03427049844203967,0.01749736739175202,0.021486513273483304,0.0351490275234547
39,Suwannee,1783342120,9593307,,H1,121,00295729,,693.0108603878771,51.943539899189766,54.42029758127278,56.27546031282502,58.490063259465884,60.624315167153995,62.706606808997414,63.24075234594171,64.48000400498147,66.71651529659967,A,12121,+30.1892438,-082.9927542,06,,G4020,Suwannee,Suwannee County,12,0.07147817800998889,0.05353921092993866,0.06391250334522483,0.061593606382837146,0.06009405511128537,0.01541521403128758,0.035764278162860305,0.08068096113120177
40,Taylor,2702180641,489194665,,H1,123,00295728,,1233.5896793864767,63.37659580413727,67.43058807354062,70.79388764156289,73.19659410921453,75.49737369503072,75.90035124380601,74.98975610183673,73.6965001066987,76.35708375210864,A,12123,+30.0099084,-083.6094825,06,,G4020,Taylor,Taylor County,12,0.0657267539952117,0.05452865931393007,0.03895471091889519,0.03730218603904784,0.006533413103386487,-0.014763339174856976,-0.02096736081289564,0.053919542491899834
41,Union,630806896,16049423,,H1,125,00306913,,250.03462373807926,15.295597828978279,15.966578879547834,16.576532168628017,17.440244515262354,17.970930122624168,18.29894071349453,18.47277798684918,18.445481472683557,18.879520713031496,A,12125,+30.0542796,-082.3669180,06,,G4020,Union,Union County,12,0.05367105087593254,0.048789506026103976,0.06908741947188148,0.04244896962092158,0.0262372135479898,0.013905056088292072,-0.0021834187407754977,0.0433979136428133
42,Madison,1804001485,49634046,,H1,079,00295731,,716.4371112136928,36.0820521222299,38.21160948190242,39.92776725993366,41.24459274780837,42.33302472726171,42.54464459518262,42.42490023430385,42.57165493951273,43.30669170097389,A,12079,+30.4472325,-083.4704159,06,,G4020,Madison,Madison County,12,0.05944854967283601,0.04790812064785286,0.03676039298533595,0.030384578420552855,0.0059075629837882304,-0.0033427738179535216,0.004096792388665414,0.025649032900318287
43,Jackson,2378066187,94242663,,H1,063,00295734,,955.4847643420486,71.11682621277751,74.28523322112025,76.38528101989932,78.35460916325168,80.50915187498981,82.77662129195446,83.68347987350029,86.68781617615976,88.85484270629297,A,12063,+30.7892485,-085.2088141,06,,G4020,Jackson,Jackson County,12,0.0663204087932165,0.043957745369706154,0.041221549873868384,0.04509842107679779,0.04746217839540403,0.018982167280716417,0.06288611634175598,0.056699662072200556
44,Washington,1514305159,81008994,,H1,133,00295762,,616.5735303477327,43.510589071476936,45.2040672086885,46.27306280545778,48.13811883703712,50.01784311675576,51.8771716634847,52.22495386456069,53.035467238776675,54.760650268333976,A,12133,+30.6022166,-085.6627968,06,,G4020,Washington,Washington County,12,0.05493191173018675,0.03467536454788761,0.060497440768418606,0.06097323959588485,0.06031165644364663,0.011281126547221245,0.02629089100723725,0.06995041729184913
45,Liberty,2164099093,19582444,,H1,077,00308549,,844.0324702962902,31.1564192390355,32.705869460756375,33.96570899538969,34.847084834441524,35.504194824270634,35.65274286044862,35.03232665709737,34.70411165920165,35.36607290909914,A,12077,+30.2598494,-084.8685805,06,,G4020,Liberty,Liberty County,12,0.03671541738618075,0.02985286891133606,0.020884879908528525,0.015570727737487087,0.0035199602244173965,-0.014701240181754047,-0.007777307377298025,0.019607102605457578
46,Hendry,2994619283,87037213,17500,H1,051,00307626,,1191.994969946321,44.147669898248445,49.6652328217409,51.99654536629079,54.951995684766835,57.86287300729441,60.62166196396492,62.84550683357874,65.81186294821411,69.74147217997672,A,12051,+26.5399670,-081.1521142,06,,G4020,Hendry,Hendry County,12,0.09257694977925834,0.03911614735513312,0.04958830184676264,0.04884042963132068,0.046288600643922914,0.03731299083777118,0.049771285775961925,0.08241664878710801
47,Walton,2687739968,522795375,18880,H1,131,00295727,,1240.857838302045,64.84149510389113,68.65723599539712,73.09182869515364,79.3032785204767,85.93843004151884,89.92569568156598,92.07016112695423,96.0408043876997,100.52862467685812,A,12131,+30.6312106,-086.1766139,06,,G4020,Walton,Walton County,12,0.06150166076602835,0.07147624107890867,0.10011541424959093,0.10694458811045593,0.06426627639316368,0.03456424062763992,0.06399835884792053,0.09041769634343103
48,Okaloosa,2409293012,393276379,18880,H1,091,00306915,,1083.152794501048,105.21804616426815,109.49501651863451,114.6882931472585,121.58107928305552,126.5883754983054,131.05273122366683,133.92996996338883,136.05877783063505,138.94978406487132,A,12091,+30.6658510,-086.5941872,06,,G4020,Okaloosa,Okaloosa County,12,0.07897261357916815,0.09589185671660042,0.12727264649623432,0.09245779987220512,0.08243261242598603,0.0531271073541826,0.03930761898143566,0.06672664856041867
49,Citrus,1507142282,495547943,26140,H1,017,00295752,,774.2943440409246,155.16937659768755,163.24578706464473,166.1030688651248,170.64415626237673,174.6297662055185,177.6767663425096,178.93948937891392,181.60518183724415,184.61651976187872,A,12017,+28.8436402,-082.5248099,06,,G4020,Citrus,Citrus County,12,0.208613443430508,0.07380350437711738,0.1172961531283483,0.10294818692182325,0.07870392339660577,0.03261609867416441,0.06885475733732944,0.09722846188307599
50,Monroe,2546027976,7133356544,28580,H1,087,00295759,,3745.0340860957617,38.075171880619834,38.32945830829939,38.35993948392002,38.84017334928423,39.178544650912976,39.672830817913436,40.07437888022477,40.644613158851875,40.87986520433057,A,12087,+24.7688833,-080.9532703,06,,G4020,Monroe,Monroe County,12,0.0013579925941055934,0.0001627818327945484,0.0025646434949533627,0.0018070399032415914,0.002639688481531334,0.0021444294128171904,0.0030452821817789117,0.0015704265973981312
51,Polk,4654624281,552319387,29460,H1,105,00295747,,2013.5103474374785,259.8400043954985,279.0704211099589,295.4142590463521,311.9151197341944,334.5497242353151,354.3851325989936,366.0684849064858,386.0838436762905,411.0583662577285,A,12105,+27.9535813,-081.6934703,06,,G4020,Polk,Polk County,12,0.19101383550309764,0.1623417327573548,0.16390142428463159,0.22482729755947856,0.19702315797802866,0.11604958794834297,0.19881058764140433,0.3100868417838301
52,St. Johns,1555841585,571923268,27260,H1,109,00308371,300,822.4788477677242,61.753362822544986,69.50604298174271,75.94979730323888,88.761904282719,102.03565771539124,112.20052746550353,119.0687179852965,133.5506559345819,143.88539201090296,A,12109,+29.8906441,-081.3839483,06,,G4020,St. Johns,St. Johns County,12,0.1885198672340119,0.15669106479722988,0.31154860734116724,0.32277434170369984,0.24717644174559839,0.16701196726052744,0.3521534441545962,0.3141337951842286
53,Baker,1515738968,9686120,27260,H1,003,00306920,300,589.5995278613658,34.51108465430688,36.9237920763523,38.5933736695866,40.95508835237397,43.166593851223986,42.78937976392417,42.475753976784645,43.04442113488403,44.7228971591482,A,12003,+30.3244416,-082.3022838,06,,G4020,Baker,Baker County,12,0.08184224403289307,0.05663442775438828,0.08011250251010002,0.07501720725156394,-0.012795603438424554,-0.010638603740987572,0.019289946183033566,0.07117017335276889
54,Clay,1566375291,100402899,27260,H1,019,00295726,300,644.2825322609078,85.37647152199153,92.44990168508743,98.97810199961091,108.0120476378394,118.13440890295927,123.56309428911473,125.33707472647778,129.42637626544064,134.33250054213536,A,12019,+29.9865835,-081.8650364,06,,G4020,Clay,Clay County,12,0.21957541323598836,0.2026502345675837,0.28043428731574277,0.31422119204748905,0.16851878219032862,0.05506840085009977,0.12694125121203376,0.1903716161401357
55,Nassau,1680074654,200051078,27260,H1,089,00295730,300,726.6475629149367,47.23315715268654,52.29920539787687,55.556563530085704,60.9803826663243,67.05650550186918,70.60325356157823,71.80560157626077,76.35776510885981,80.37787078160014,A,12089,+30.6059629,-081.7650867,06,,G4020,Nassau,Nassau County,12,0.13943618622672999,0.08965441566037843,0.1492833503626166,0.16723713518478192,0.09761948544852514,0.03309301719417704,0.1252921984445416,0.13831002393422095
56,Putnam,1885167077,256548277,37260,H1,107,00306910,300,827.9274405712114,90.86533842455142,94.45404715842491,95.92628739581599,98.6847411249649,101.32578754689159,103.38648017972271,104.3029281761846,105.64956711006378,108.32937455485141,A,12107,+29.5938964,-081.7320389,06,,G4020,Putnam,Putnam County,12,0.08669138279551486,0.03556447498286408,0.06663515651192266,0.06379898267665951,0.049779546657117396,0.022138365068069227,0.03253036118600214,0.08091915165110211
57,Broward,3116026236,310052487,33100,H1,011,00295753,370,1325.2927663614346,308.8158091139885,330.16085602441666,347.4029088506103,361.87517834759655,370.51177035567395,373.97630454707246,376.4293210345176,377.9914363155293,379.3867922571176,A,12011,+26.1935353,-080.4766834,06,22744,G4020,Broward,Broward County,12,0.32211821345755265,0.2601999084855997,0.2184010939216033,0.1303348547172561,0.0522833034229912,0.037018484514630884,0.023573889794938768,0.0263216546752003
58,Palm Beach,5090938139,1081432228,33100,H1,099,00295761,370,2387.3949096141528,403.7257575254794,425.70637128797784,434.746703964392,454.14278439661996,475.72521327373096,486.2169734642146,492.7825625491021,503.55830814533573,513.0648605414558,A,12099,+26.6491257,-080.4483542,06,48424,G4020,Palm Beach,Palm Beach County,12,0.184138901142676,0.07573386908054719,0.1624874071241337,0.1808031741225344,0.08789295937787958,0.05500212016409658,0.09027199943200989,0.09954943312726282
59,Miami-Dade,4917746437,1378974993,33100,H1,086,00295755,370,2435.9983716905735,362.80693779297087,369.927153998743,377.5046368965107,386.24002427079523,400.70684018834504,409.4027851830174,417.9567354307447,432.24607290446147,444.31929618226326,A,12086,+25.6105799,-080.4970989,06,33124,G4020,Miami-Dade,Miami-Dade County,12,0.058458300206750316,0.06221254485083227,0.07171915610290168,0.11877525113048328,0.07139532682558726,0.07022952352624844,0.1173181200757539,0.12390426260243162
60,Okeechobee,1991328272,318722514,36380,H1,093,00295760,370,893.3836155920222,30.532090685219,32.760447499239106,34.269833943990804,35.88886431714182,38.22808468814585,41.08461427077261,42.298285071946204,43.72123868738415,45.07927808242403,A,12093,+27.3855924,-080.8873884,06,,G4020,Okeechobee,Okeechobee County,12,0.04988577751212578,0.03379033191136971,0.0362449085677069,0.05236765774921653,0.06394855541947263,0.027170205049469678,0.031855377479583454,0.03800269479253724
61,Martin,1408397026,542185816,38940,H1,085,00308550,370,754.4099934469307,77.6137154591574,83.82478099927279,87.49192207148769,91.36824102902726,96.1756312616225,100.43088950175586,101.95578362616433,104.89663655760319,108.5647124512807,A,12085,+27.0836036,-080.3982011,06,,G4020,Martin,Martin County,12,0.16466021378472914,0.0972187829978122,0.10276425262683768,0.12744768161487557,0.11281022990405805,0.040426137979460514,0.07796431534534624,0.12155445730901307
62,St. Lucie,1480655751,300844500,38940,H1,111,00308372,370,688.9762818151197,115.63131269430279,125.22631609843357,129.3279570081602,134.27718118750732,143.04207675997182,148.38683534694437,149.8605050707994,155.35142013175331,166.3394546882374,A,12111,+27.3798137,-080.4435357,06,,G4020,St. Lucie,St. Lucie County,12,0.27852928053931203,0.11906479273628397,0.14366892765330896,0.2544324326919711,0.15515072805965652,0.042778532810233506,0.1593934422963879,0.3987087381127227
63,Indian River,1302203812,295578903,42680,H1,061,00307624,370,617.8793367069902,68.81030687768941,73.86514544160939,76.04146567782865,80.61003083014201,89.5346527776443,93.7153433349289,95.86907659484667,100.04649118887166,104.39443438786755,A,12061,+27.7005283,-080.5747894,06,,G4020,Indian River,Indian River County,12,0.1636189548224711,0.07044482982124128,0.14787887799134647,0.28887911983159614,0.13532385075590145,0.06971371696603966,0.13521781182354017,0.17592201829277904
64,Gilchrist,905705530,14362143,23540,H1,041,00303633,264,355.6613436329176,21.102944504173077,22.894434447327885,24.09483514441557,25.43742136833876,26.6212323912488,27.50701252034023,27.87716775169787,28.42067104226281,29.57255913866673,A,12041,+29.7234556,-082.7958011,06,,G4020,Gilchrist,Gilchrist County,12,0.10074133583681372,0.06750245527535498,0.0754980122500404,0.06656956366514008,0.049810312250614115,0.020815038686896544,0.030562966726341706,0.0809680414406237
65,Alachua,2266324954,242877007,23540,H1,001,00308548,264,969.9675682456044,93.22547099696254,97.52524363636381,102.8247942028958,109.7358175334948,117.38092100067628,122.46638109970759,125.0672465513039,128.73823047559546,132.45362387021518,A,12001,+29.6757403,-082.3572210,06,,G4020,Alachua,Alachua County,12,0.08865807023173641,0.10927273735795871,0.14250009086590537,0.1576362698602244,0.10485835332060557,0.05362788482300562,0.07569292096912743,0.0957607634588189
66,Columbia,2065645989,9755973,29380,H1,023,00306909,264,802.1820178976831,58.05677759968474,62.10575780882646,66.08579834188413,70.71956524714456,74.71689725183359,77.18203780130904,78.17031578919347,79.76358815172298,81.85256935414942,A,12023,+30.2212256,-082.6231143,06,,G4020,Columbia,Columbia County,12,0.10094916412494698,0.09923036029873497,0.11552906452339497,0.0996614712248232,0.061460877817629524,0.024639744243443847,0.03972346243076062,0.06510309243471737
67,Duval,1975993782,402807900,27260,H6,031,00293656,300,919.4363466047735,252.30617602477864,271.95438025835784,284.3032368708536,300.518004035158,323.8910166509447,335.7297128468511,341.81286047050065,353.20344195829335,362.51742522125545,C,12031,+30.3352449,-081.6481132,06,,G4020,Duval,Duval County,12,0.42739672639948684,0.2686179779186824,0.3527110326708556,0.5084204622124596,0.25752073516831137,0.13232340979585916,0.24777313905100662,0.2532525306769763
